<?xml version="1.0" encoding="UTF-8" standalone="no"?>
<nodedefs>
<nodedef name="MQTTSource" class="vdab.extnodes.mqtt.MQTTSource">
	<attr name="Group">MQTT</attr>
	<attr name="ConsumedEventTypes">NONE</attr>
    <attr name="PublishedEventTypes">Event,Trigger</attr>
    <attr name="NodeDescTemplate">SUB to ${DevicePath}/${DeviceId}</attr>
    <attr name="NodeOverview">Listens for and receives MQTT messages.</attr>	
    <attr name="NodeQuality" >Released</attr>     
    <datadef  name="Password">
       <attr name="EditOrder" type="Integer">23</attr>   
       <attr name="Desc" >The MD5 encrypted password for the user.</attr>		 
		<attr name="Category">Standard</attr>
		<attr name="SpecialType">Password</attr>
	</datadef>
	<datadef name="User">
	   <attr name="EditOrder" type="Integer">21</attr>   
	   <attr name="Desc" >The registered MQTT User.</attr>		 	    
		<attr name="Category">Standard</attr>
	</datadef>
	<datadef name="BrokerServer">
	   <attr name="EditOrder" type="Integer">11</attr>    
	   	<attr name="Desc" >The server name or IP for the MQTT broker.</attr>	
		<attr name="Category">Required</attr>
	</datadef>
	<datadef name="BrokerPort">
	   <attr name="EditOrder" type="Integer">12</attr>    
	   	<attr name="Desc" >The service port for the MQTT broker. The Default is 1883.</attr>	
	    <attr name="DefaultValue" type="Integer">1883</attr>
		<attr name="Category">Required</attr>
	</datadef>
	<datadef name="DevicePath">
	   <attr name="EditOrder" type="Integer">13</attr>    
	   	<attr name="Desc" >The path of the topic for the device. Enter # to listen to all topics</attr>	
		<attr name="Category">Required</attr>
	</datadef>
	<datadef name="DeviceId">
	   <attr name="EditOrder" type="Integer">14</attr>    
	   	<attr name="Desc" >The id for the device to listen to. Enter # to listen to all devices on this topic</attr>	
		<attr name="Category">Standard</attr>
	</datadef>
	<datadef name="QOS">
	   <attr name="EditOrder" type="Integer">15</attr>    
	   	<attr name="Desc" >The delivery quality of service for the message.</attr>	
	   	<attr name="Enum">MQTTQualityOfService</attr> 
		<attr name="Category">Required</attr>
	</datadef>
	<datadef name="PersistenceType">
	   <attr name="EditOrder" type="Integer">16</attr>    
	   	<attr name="Desc" >Selects either Memory or File persistence on this client. Default is File and files are written to the VDAB tmp directory.</attr>	
	   	<attr name="Enum">MQTTPersistenceType</attr> 
		<attr name="Category">Required</attr>
	</datadef>
</nodedef>
<nodedef name="MQTTTarget" class="vdab.extnodes.mqtt.MQTTTarget">
	<attr name="Group">MQTT</attr>
	<attr name="ConsumedEventTypes">Event</attr>
    <attr name="PublishedEventTypes">NONE</attr>
    <attr name="NodeDescTemplate">PUB on ${DevicePath}/${DeviceId}</attr>
    <attr name="NodeOverview">Publishes MQTT messages to a specified topic.</attr>	
    <attr name="NodeQuality" >Released</attr>     
    <datadef  name="Password">
       <attr name="EditOrder" type="Integer">23</attr>   
       <attr name="Desc" >The MD5 encrypted password for the user.</attr>		 
		<attr name="Category">Standard</attr>
		<attr name="SpecialType">Password</attr>
	</datadef>
	<datadef name="User">
	   <attr name="EditOrder" type="Integer">21</attr>   
	   <attr name="Desc" >The registered MQTT User.</attr>		 	    
		<attr name="Category">Standard</attr>
	</datadef>
	<datadef name="BrokerServer">
	   <attr name="EditOrder" type="Integer">11</attr>    
	   	<attr name="Desc" >The server name or IP for the MQTT broker.</attr>	
		<attr name="Category">Required</attr>
	</datadef>
	<datadef name="BrokerPort">
	   <attr name="EditOrder" type="Integer">12</attr>    
	   	<attr name="Desc" >The service port for the MQTT broker. The Default is 1883.</attr>	
	   	<attr name="DefaultValue" type="Integer">1883</attr>
		<attr name="Category">Required</attr>
	</datadef>
	<datadef name="DevicePath">
	   <attr name="EditOrder" type="Integer">13</attr>    
	   	<attr name="Desc" >The path of the topic published to.</attr>	
		<attr name="Category">Required</attr>
	</datadef>
	<datadef name="DeviceId">
	   <attr name="EditOrder" type="Integer">14</attr>    
	   	<attr name="Desc" >The id for this the publishing device</attr>	
		<attr name="Category">Required</attr>
	</datadef>
	<datadef name="QOS">
	   <attr name="EditOrder" type="Integer">15</attr>    
	   	<attr name="Desc" >The delivery quality of service for the message.</attr>	
	   	<attr name="Enum">MQTTQualityOfService</attr> 
		<attr name="Category">Required</attr>
	</datadef>
	<datadef name="PersistenceType">
	   <attr name="EditOrder" type="Integer">16</attr>    
	   	<attr name="Desc" >Selects either Memory or File persistence on this client. Default is File and files are written to the VDAB tmp directory.</attr>	
	   	<attr name="Enum">MQTTPersistenceType</attr> 
		<attr name="Category">Required</attr>
	</datadef>
	 <datadef name="SelectedElement">
		<attr name="Category">Standard</attr>
		<attr name="EditWhileRunning" type="Boolean">true</attr>
		<attr name="EditOrder" type="Integer">31</attr>
	</datadef>
</nodedef>
</nodedefs>